Age,Gender,Ethnicity,EducationLevel,BMI,Smoking,AlcoholConsumption,PhysicalActivity,DietQuality,SleepQuality,FamilyHistoryParkinsons,TraumaticBrainInjury,Hypertension,Diabetes,Depression,Stroke,SystolicBP,DiastolicBP,CholesterolTotal,CholesterolLDL,CholesterolHDL,CholesterolTriglycerides,MoCA,FunctionalAssessment,Tremor,Rigidity,Bradykinesia,PosturalInstability,SpeechProblems,SleepDisorders,Constipation
66,1,1,3,33.91019695116749,0,15.58902851202256,5.363131913431856,6.300120612444841,8.131953153227625,0,0,1,0,0,0,128,111,234.22625527375504,146.48781443663705,36.82646606639071,149.93394918457,13.415268869178943,7.967985534623159,0,0,0,0,0,1,0
84,0,0,1,29.69989943997984,0,3.884627786802069,3.3336730563420525,8.681330377668997,9.60446564718039,0,0,1,0,0,0,102,116,288.60782566344267,186.3318615421312,97.37280322465185,215.4691146147,26.503468607819272,9.363113395588424,1,0,0,0,0,0,0
76,1,0,1,20.15420569007905,0,10.715595996731786,0.7727060225517279,9.163233021834408,5.068696590185385,0,0,1,0,0,0,124,101,266.3535018846843,59.37819128898553,68.43066036632851,292.3203037479292,15.995431729982482,1.2991703184737824,0,1,0,0,0,0,0
