Age,Gender,Ethnicity,EducationLevel,BMI,Smoking,AlcoholConsumption,PhysicalActivity,DietQuality,SleepQuality,FamilyHistoryParkinsons,TraumaticBrainInjury,Hypertension,Diabetes,Depression,Stroke,SystolicBP,DiastolicBP,CholesterolTotal,CholesterolLDL,CholesterolHDL,CholesterolTriglycerides,MoCA,FunctionalAssessment,Tremor,Rigidity,Bradykinesia,PosturalInstability,SpeechProblems,SleepDisorders,Constipation,Predicted_Severity
76,1,0,2,32.423318682955184,1,1.2358521119043386,2.9997736398993013,5.8396624494152345,7.702904767203164,0,0,0,0,1,0,161,88,235.2990328913146,150.6815336024599,99.19200620605928,337.68774555861165,3.737092865564136,7.66345669217808,1,0,0,0,0,0,0,Moderate
71,0,3,2,33.38141236793913,0,16.74729296244164,6.031059737194985,2.356762846346476,9.239755318820324,1,0,1,0,0,0,175,95,275.00749911739354,68.5599890143125,27.200760967907016,71.06169624542166,15.447684825357276,9.769717137022658,0,0,0,0,0,1,0,Moderate
52,1,2,1,27.515964620374017,0,2.813614550986064,5.212106358734845,8.144814580610845,5.025952234452858,0,0,0,0,1,1,128,79,228.77482341751983,144.794337137874,23.222091352464425,95.77667275435016,15.186911594016998,8.950269089133657,0,1,0,0,0,1,1,Moderate
