Age,Gender,Ethnicity,EducationLevel,BMI,Smoking,AlcoholConsumption,PhysicalActivity,DietQuality,SleepQuality,FamilyHistoryParkinsons,TraumaticBrainInjury,Hypertension,Diabetes,Depression,Stroke,SystolicBP,DiastolicBP,CholesterolTotal,CholesterolLDL,CholesterolHDL,CholesterolTriglycerides,MoCA,FunctionalAssessment,Tremor,Rigidity,Bradykinesia,PosturalInstability,SpeechProblems,SleepDisorders,Constipation
52,1,0,1,25.88974556575136,0,0.086402537410497,4.191744054289536,0.7550208089170718,7.897248881603057,1,0,0,0,0,0,137,111,240.287114895446,166.364610447176,70.97252516108598,203.811168832424,22.36196078426274,3.2255165782979223,1,0,0,0,0,0,0
51,1,0,2,16.822486777200304,1,16.01081715945798,8.182126434846877,3.426904727447604,9.184209252799,0,0,0,0,0,0,174,81,164.7391378954802,197.17230174023663,71.36855177806396,185.4576159277748,7.418970216993311,6.2588144886184445,0,1,0,0,1,1,1
50,1,0,2,19.846185551813928,1,4.68586849141894,4.170239087969114,4.832591325909007,9.05002854921146,0,0,0,0,0,1,171,69,234.25908714559029,113.76604164911517,62.50396827315447,134.26160921259674,13.90280622776833,0.7362650257822578,1,0,0,0,0,0,0
